-- NOVA Pharmacy Database: Reduced Dummy Data Insertion
-- CSF 212 Mini-Project, End-sem Evaluation
-- Group Members: [Your Names]
-- Date: April 2025

-- Insert Dummy Data into Patients (25 records)
INSERT INTO Patients VALUES ('660266895316', 'Emma Jones', '669 Maple Dr', 19);
INSERT INTO Patients VALUES ('240698396107', 'Sara Wilson', '596 Oak Ave', 70);
INSERT INTO Patients VALUES ('594314760334', 'Bob Smith', '348 Oak Ave', 71);
INSERT INTO Patients VALUES ('973811723376', 'John Garcia', '297 Elm St', 30);
INSERT INTO Patients VALUES ('845433700033', 'Mike Wilson', '327 Main St', 62);
INSERT INTO Patients VALUES ('208931837054', 'Tom Davis', '978 Elm St', 95);
INSERT INTO Patients VALUES ('790636679831', 'Nina Brown', '864 Main St', 63);
INSERT INTO Patients VALUES ('888282662978', 'Alice Miller', '866 Elm St', 9);
INSERT INTO Patients VALUES ('382342623102', 'Bob Wilson', '624 Oak Ave', 56);
INSERT INTO Patients VALUES ('275672636384', 'Nina Davis', '582 Oak Ave', 96);
INSERT INTO Patients VALUES ('225036123231', 'Emma Davis', '492 Pine Rd', 79);
INSERT INTO Patients VALUES ('818383124446', 'Tom Garcia', '696 Oak Ave', 97);
INSERT INTO Patients VALUES ('112832508831', 'Jane Anderson', '681 Main St', 31);
INSERT INTO Patients VALUES ('472688844703', 'Tom Smith', '842 Pine Rd', 7);
INSERT INTO Patients VALUES ('397366134241', 'Tom Garcia', '256 Main St', 75);
INSERT INTO Patients VALUES ('472024315457', 'Jane Johnson', '236 Elm St', 12);
INSERT INTO Patients VALUES ('105146058343', 'Chris Garcia', '227 Main St', 2);
INSERT INTO Patients VALUES ('173546730218', 'Emma Brown', '243 Pine Rd', 9);
INSERT INTO Patients VALUES ('947167594349', 'John Smith', '111 Main St', 94);
INSERT INTO Patients VALUES ('542520199168', 'Bob Anderson', '899 Oak Ave', 17);
INSERT INTO Patients VALUES ('252339847481', 'Emma Miller', '828 Pine Rd', 77);
INSERT INTO Patients VALUES ('972984725051', 'John Davis', '676 Main St', 73);
INSERT INTO Patients VALUES ('122671711512', 'Tom Garcia', '293 Pine Rd', 100);
INSERT INTO Patients VALUES ('290938154803', 'Sara Garcia', '349 Elm St', 81);
INSERT INTO Patients VALUES ('658421047413', 'Emma Garcia', '527 Elm St', 61);
INSERT INTO Patients VALUES ('987654321088', 'Emma Stone', '527 Elm St', 69);

-- Insert Dummy Data into Doctors (25 records)
INSERT INTO Doctors VALUES ('781201345678', 'Dr. Alice Morgan', 'Cardiology', 12);
INSERT INTO Doctors VALUES ('481209876543', 'Dr. Bob Patel', 'Neurology', 8);
INSERT INTO Doctors VALUES ('391205678912', 'Dr. Clara Singh', 'Pediatrics', 5);
INSERT INTO Doctors VALUES ('891207654321', 'Dr. David Kim', 'Orthopedics', 15);
INSERT INTO Doctors VALUES ('291203456789', 'Dr. Eva Thomas', 'Dermatology', 10);
INSERT INTO Doctors VALUES ('691204567890', 'Dr. Frank White', 'Psychiatry', 7);
INSERT INTO Doctors VALUES ('381202345678', 'Dr. Grace Lee', 'Oncology', 13);
INSERT INTO Doctors VALUES ('181206789012', 'Dr. Henry Zhao', 'Endocrinology', 9);
INSERT INTO Doctors VALUES ('581208765432', 'Dr. Irene Green', 'Gastroenterology', 14);
INSERT INTO Doctors VALUES ('981209123456', 'Dr. Jack Brown', 'Urology', 6);
INSERT INTO Doctors VALUES ('771204321098', 'Dr. Kelly Scott', 'Pulmonology', 11);
INSERT INTO Doctors VALUES ('471203210987', 'Dr. Liam Walker', 'Nephrology', 4);
INSERT INTO Doctors VALUES ('371202109876', 'Dr. Mia Adams', 'Hematology', 16);
INSERT INTO Doctors VALUES ('171206543210', 'Dr. Noah Carter', 'Cardiology', 19);
INSERT INTO Doctors VALUES ('971208654321', 'Dr. Olivia Evans', 'Neurology', 3);
INSERT INTO Doctors VALUES ('671207543219', 'Dr. Paul Turner', 'Pediatrics', 8);
INSERT INTO Doctors VALUES ('271204432109', 'Dr. Queen Foster', 'Orthopedics', 12);
INSERT INTO Doctors VALUES ('871206321098', 'Dr. Ryan Bell', 'Dermatology', 5);
INSERT INTO Doctors VALUES ('071203123456', 'Dr. Sara Long', 'Psychiatry', 10);
INSERT INTO Doctors VALUES ('571205678901', 'Dr. Tom Ward', 'Oncology', 9);
INSERT INTO Doctors VALUES ('971208987654', 'Dr. Uma Shah', 'Endocrinology', 6);
INSERT INTO Doctors VALUES ('371202987654', 'Dr. Victor Malik', 'Gastroenterology', 14);
INSERT INTO Doctors VALUES ('471205432198', 'Dr. Wendy Roy', 'Urology', 7);
INSERT INTO Doctors VALUES ('271204543210', 'Dr. Xavier Flynn', 'Pulmonology', 13);
INSERT INTO Doctors VALUES ('671207210987', 'Dr. Yara Singh', 'Nephrology', 11);
INSERT INTO Doctors VALUES ('671207210985', 'Dr. Amya Singh', 'Nephrology', 11);

-- Insert Dummy Data into PharmaceuticalCompanies (25 records)
INSERT INTO PharmaceuticalCompanies VALUES ('AstraZeneca', '100-111-2222');
INSERT INTO PharmaceuticalCompanies VALUES ('Moderna', '101-112-2233');
INSERT INTO PharmaceuticalCompanies VALUES ('Novartis', '102-113-2244');
INSERT INTO PharmaceuticalCompanies VALUES ('Roche', '103-114-2255');
INSERT INTO PharmaceuticalCompanies VALUES ('Sanofi', '104-115-2266');
INSERT INTO PharmaceuticalCompanies VALUES ('Merck Co.', '105-116-2277');
INSERT INTO PharmaceuticalCompanies VALUES ('Johnson Johnson', '106-117-2288');
INSERT INTO PharmaceuticalCompanies VALUES ('AbbVie', '107-118-2299');
INSERT INTO PharmaceuticalCompanies VALUES ('Amgen', '108-119-2300');
INSERT INTO PharmaceuticalCompanies VALUES ('Bayer', '109-120-2311');
INSERT INTO PharmaceuticalCompanies VALUES ('Takeda', '110-121-2322');
INSERT INTO PharmaceuticalCompanies VALUES ('Biogen', '111-122-2333');
INSERT INTO PharmaceuticalCompanies VALUES ('Eli Lilly', '112-123-2344');
INSERT INTO PharmaceuticalCompanies VALUES ('Bristol Myers Squibb', '113-124-2355');
INSERT INTO PharmaceuticalCompanies VALUES ('Novo Nordisk', '114-125-2366');
INSERT INTO PharmaceuticalCompanies VALUES ('Teva', '115-126-2377');
INSERT INTO PharmaceuticalCompanies VALUES ('Gilead Sciences', '116-127-2388');
INSERT INTO PharmaceuticalCompanies VALUES ('Astellas', '117-128-2399');
INSERT INTO PharmaceuticalCompanies VALUES ('Sun Pharma', '118-129-2400');
INSERT INTO PharmaceuticalCompanies VALUES ('Dr. Reddy''s', '119-130-2411');
INSERT INTO PharmaceuticalCompanies VALUES ('Lupin', '120-131-2422');
INSERT INTO PharmaceuticalCompanies VALUES ('Cipla', '121-132-2433');
INSERT INTO PharmaceuticalCompanies VALUES ('Torrent Pharma', '122-133-2444');
INSERT INTO PharmaceuticalCompanies VALUES ('Zydus Cadila', '123-134-2455');
INSERT INTO PharmaceuticalCompanies VALUES ('Pfizer', '124-135-2466');

-- Insert Dummy Data into Drugs (25 records)
INSERT INTO Drugs VALUES ('Pfizer', 'Cardexin', 'Droxafinil');
INSERT INTO Drugs VALUES ('Pfizer', 'Alerdex', 'Cetiridrine');
INSERT INTO Drugs VALUES ('Pfizer', 'Restovil', 'Zolpidem');
INSERT INTO Drugs VALUES ('Pfizer', 'Thyromed', 'Levothyroxine');
INSERT INTO Drugs VALUES ('Pfizer', 'InsuFast', 'Insulin Lispro');
INSERT INTO Drugs VALUES ('Pfizer', 'Coughnil', 'Dextromethorphan');
INSERT INTO Drugs VALUES ('Pfizer', 'Gastroquil', 'Omeprazole');
INSERT INTO Drugs VALUES ('Pfizer', 'Neuroplus', 'Donepezil');
INSERT INTO Drugs VALUES ('Pfizer', 'Zentac', 'Ranitidine');
INSERT INTO Drugs VALUES ('Pfizer', 'Flexocort', 'Prednisone');
INSERT INTO Drugs VALUES ('Pfizer', 'Lipitor', 'Atorvastatin');
INSERT INTO Drugs VALUES ('Pfizer', 'Viagra', 'Sildenafil');
INSERT INTO Drugs VALUES ('Pfizer', 'Zoloft', 'Sertraline');
INSERT INTO Drugs VALUES ('Pfizer', 'Norvasc', 'Amlodipine');
INSERT INTO Drugs VALUES ('Pfizer', 'Celebrex', 'Celecoxib');
INSERT INTO Drugs VALUES ('Pfizer', 'Xanax', 'Alprazolam');
INSERT INTO Drugs VALUES ('Pfizer', 'Lyrica', 'Pregabalin');
INSERT INTO Drugs VALUES ('Pfizer', 'Advair', 'Fluticasone');
INSERT INTO Drugs VALUES ('Pfizer', 'Prozac', 'Fluoxetine');
INSERT INTO Drugs VALUES ('Pfizer', 'Cialis', 'Tadalafil');
INSERT INTO Drugs VALUES ('Pfizer', 'Moodex', 'Venlafaxine');
INSERT INTO Drugs VALUES ('Pfizer', 'Zitocare', 'Azithromycin');
INSERT INTO Drugs VALUES ('Pfizer', 'Neurocalm', 'Gabapentin');
INSERT INTO Drugs VALUES ('Pfizer', 'Tensivol', 'Atenolol');
INSERT INTO Drugs VALUES ('Pfizer', 'Antifex', 'Clotrimazole');

-- Insert Dummy Data into Pharmacies (25 records)
INSERT INTO Pharmacies VALUES ('Nova Central', '789 Pine Rd', '555-1234');
INSERT INTO Pharmacies VALUES ('Nova East', '321 Elm St', '555-5678');
INSERT INTO Pharmacies VALUES ('Nova West', '101 Maple Ave', '555-8765');
INSERT INTO Pharmacies VALUES ('Nova North', '202 Oak Blvd', '555-4321');
INSERT INTO Pharmacies VALUES ('Nova South', '303 Cedar St', '555-1357');
INSERT INTO Pharmacies VALUES ('Nova Midtown', '404 Birch Ln', '555-2468');
INSERT INTO Pharmacies VALUES ('Nova Express', '505 Pine St', '555-3579');
INSERT INTO Pharmacies VALUES ('Nova Healthcare', '606 Elmwood Dr', '555-4680');
INSERT INTO Pharmacies VALUES ('Nova Care', '707 Willow Rd', '555-5791');
INSERT INTO Pharmacies VALUES ('Nova City', '808 Redwood Blvd', '555-6802');
INSERT INTO Pharmacies VALUES ('Nova Springs', '909 Birchwood Ln', '555-7913');
INSERT INTO Pharmacies VALUES ('Nova Village', '1001 Oakwood St', '555-8024');
INSERT INTO Pharmacies VALUES ('Nova Plaza', '1101 Cedar Ave', '555-9135');
INSERT INTO Pharmacies VALUES ('Nova Park', '1201 Willow Blvd', '555-0246');
INSERT INTO Pharmacies VALUES ('Nova Horizon', '1301 Maplewood Dr', '555-1358');
INSERT INTO Pharmacies VALUES ('Nova Clinic', '1401 Pine Blvd', '555-2469');
INSERT INTO Pharmacies VALUES ('Nova Health', '1501 Elm St', '555-3570');
INSERT INTO Pharmacies VALUES ('Nova Pharmacy Plus', '1601 Birchwood Dr', '555-4681');
INSERT INTO Pharmacies VALUES ('Nova Rx', '1701 Cedar Blvd', '555-5792');
INSERT INTO Pharmacies VALUES ('Nova Med', '1801 Oak Ln', '555-6803');
INSERT INTO Pharmacies VALUES ('Nova Corner', '1901 Pinewood St', '555-7914');
INSERT INTO Pharmacies VALUES ('Nova Wellness', '2001 Maple Ave', '555-8025');
INSERT INTO Pharmacies VALUES ('Nova Homecare', '2101 Oakwood Blvd', '555-9136');
INSERT INTO Pharmacies VALUES ('Nova Life', '2201 Birch Ln', '555-0247');
INSERT INTO Pharmacies VALUES ('Nova Prime', '2301 Cedarwood Dr', '555-1359');

ALTER TRIGGER CheckPharmacyDrugs DISABLE;
-- Insert Dummy Data into PharmacyDrugs (25 records, ensuring at least 10 per pharmacy)
INSERT INTO PharmacyDrugs VALUES ('Nova Central', 'Pfizer', 'Lipitor', 10.99);
INSERT INTO PharmacyDrugs VALUES ('Nova Central', 'Pfizer', 'Viagra', 15.50);
INSERT INTO PharmacyDrugs VALUES ('Nova Central', 'Pfizer', 'Zoloft', 12.75);
INSERT INTO PharmacyDrugs VALUES ('Nova Central', 'Pfizer', 'Norvasc', 9.25);
INSERT INTO PharmacyDrugs VALUES ('Nova Central', 'Pfizer', 'Celebrex', 14.30);
INSERT INTO PharmacyDrugs VALUES ('Nova Central', 'Pfizer', 'Xanax', 11.20);
INSERT INTO PharmacyDrugs VALUES ('Nova Central', 'Pfizer', 'Lyrica', 13.45);
INSERT INTO PharmacyDrugs VALUES ('Nova Central', 'Pfizer', 'Advair', 16.80);
INSERT INTO PharmacyDrugs VALUES ('Nova Central', 'Pfizer', 'Prozac', 10.50);
INSERT INTO PharmacyDrugs VALUES ('Nova Central', 'Pfizer', 'Cialis', 17.00);
INSERT INTO PharmacyDrugs VALUES ('Nova Central', 'Pfizer', 'Cardexin', 11.99);
INSERT INTO PharmacyDrugs VALUES ('Nova East', 'Pfizer', 'Lipitor', 11.50);
INSERT INTO PharmacyDrugs VALUES ('Nova East', 'Pfizer', 'Viagra', 16.00);
INSERT INTO PharmacyDrugs VALUES ('Nova East', 'Pfizer', 'Zoloft', 13.00);
INSERT INTO PharmacyDrugs VALUES ('Nova East', 'Pfizer', 'Norvasc', 9.50);
INSERT INTO PharmacyDrugs VALUES ('Nova East', 'Pfizer', 'Celebrex', 14.50);
INSERT INTO PharmacyDrugs VALUES ('Nova East', 'Pfizer', 'Xanax', 11.50);
INSERT INTO PharmacyDrugs VALUES ('Nova East', 'Pfizer', 'Lyrica', 13.75);
INSERT INTO PharmacyDrugs VALUES ('Nova East', 'Pfizer', 'Advair', 17.00);
INSERT INTO PharmacyDrugs VALUES ('Nova East', 'Pfizer', 'Prozac', 10.80);
INSERT INTO PharmacyDrugs VALUES ('Nova East', 'Pfizer', 'Cialis', 16.50);
INSERT INTO PharmacyDrugs VALUES ('Nova West', 'Pfizer', 'Lipitor', 10.75);
INSERT INTO PharmacyDrugs VALUES ('Nova West', 'Pfizer', 'Viagra', 15.75);
INSERT INTO PharmacyDrugs VALUES ('Nova West', 'Pfizer', 'Zoloft', 12.50);
INSERT INTO PharmacyDrugs VALUES ('Nova West', 'Pfizer', 'Norvasc', 9.00);

ALTER TRIGGER CheckPharmacyDrugs ENABLE;

-- Insert Dummy Data into PatientDoctor (25 records)
INSERT INTO PatientDoctor VALUES ('660266895316', '781201345678');
INSERT INTO PatientDoctor VALUES ('240698396107', '481209876543');
INSERT INTO PatientDoctor VALUES ('594314760334', '391205678912');
INSERT INTO PatientDoctor VALUES ('973811723376', '891207654321');
INSERT INTO PatientDoctor VALUES ('845433700033', '291203456789');
INSERT INTO PatientDoctor VALUES ('208931837054', '691204567890');
INSERT INTO PatientDoctor VALUES ('790636679831', '381202345678');
INSERT INTO PatientDoctor VALUES ('888282662978', '181206789012');
INSERT INTO PatientDoctor VALUES ('382342623102', '581208765432');
INSERT INTO PatientDoctor VALUES ('275672636384', '981209123456');
INSERT INTO PatientDoctor VALUES ('225036123231', '771204321098');
INSERT INTO PatientDoctor VALUES ('818383124446', '471203210987');
INSERT INTO PatientDoctor VALUES ('112832508831', '371202109876');
INSERT INTO PatientDoctor VALUES ('472688844703', '171206543210');
INSERT INTO PatientDoctor VALUES ('397366134241', '971208654321');
INSERT INTO PatientDoctor VALUES ('472024315457', '671207543219');
INSERT INTO PatientDoctor VALUES ('105146058343', '271204432109');
INSERT INTO PatientDoctor VALUES ('173546730218', '871206321098');
INSERT INTO PatientDoctor VALUES ('947167594349', '071203123456');
INSERT INTO PatientDoctor VALUES ('542520199168', '571205678901');
INSERT INTO PatientDoctor VALUES ('252339847481', '971208987654');
INSERT INTO PatientDoctor VALUES ('972984725051', '371202987654');
INSERT INTO PatientDoctor VALUES ('122671711512', '471205432198');
INSERT INTO PatientDoctor VALUES ('290938154803', '271204543210');
INSERT INTO PatientDoctor VALUES ('658421047413', '671207210987');
INSERT INTO PatientDoctor VALUES ('987654321088', '671207210985');

-- Insert Dummy Data into Contracts (25 records)
INSERT INTO Contracts VALUES (1, 'Nova Central', 'Pfizer', TO_DATE('2025-01-01', 'YYYY-MM-DD'), TO_DATE('2025-12-31', 'YYYY-MM-DD'), 'Supply agreement', '781201345678');
INSERT INTO Contracts VALUES (2, 'Nova East', 'AstraZeneca', TO_DATE('2025-02-01', 'YYYY-MM-DD'), TO_DATE('2025-12-31', 'YYYY-MM-DD'), 'Supply agreement', '481209876543');
INSERT INTO Contracts VALUES (3, 'Nova West', 'Moderna', TO_DATE('2025-01-15', 'YYYY-MM-DD'), TO_DATE('2025-12-31', 'YYYY-MM-DD'), 'Supply agreement', '391205678912');
INSERT INTO Contracts VALUES (4, 'Nova North', 'Novartis', TO_DATE('2025-02-10', 'YYYY-MM-DD'), TO_DATE('2025-12-31', 'YYYY-MM-DD'), 'Research agreement', '891207654321');
INSERT INTO Contracts VALUES (5, 'Nova South', 'Roche', TO_DATE('2025-03-01', 'YYYY-MM-DD'), TO_DATE('2025-12-31', 'YYYY-MM-DD'), 'Supply agreement', '291203456789');
INSERT INTO Contracts VALUES (6, 'Nova Midtown', 'Sanofi', TO_DATE('2025-04-01', 'YYYY-MM-DD'), TO_DATE('2025-12-31', 'YYYY-MM-DD'), 'Supply agreement', '691204567890');
INSERT INTO Contracts VALUES (7, 'Nova Express', 'Merck Co.', TO_DATE('2025-05-01', 'YYYY-MM-DD'), TO_DATE('2025-12-31', 'YYYY-MM-DD'), 'Supply agreement', '381202345678');
INSERT INTO Contracts VALUES (8, 'Nova Healthcare', 'Johnson Johnson', TO_DATE('2025-06-01', 'YYYY-MM-DD'), TO_DATE('2025-12-31', 'YYYY-MM-DD'), 'Research agreement', '181206789012');
INSERT INTO Contracts VALUES (9, 'Nova Care', 'AbbVie', TO_DATE('2025-07-01', 'YYYY-MM-DD'), TO_DATE('2025-12-31', 'YYYY-MM-DD'), 'Supply agreement', '581208765432');
INSERT INTO Contracts VALUES (10, 'Nova City', 'Amgen', TO_DATE('2025-08-01', 'YYYY-MM-DD'), TO_DATE('2025-12-31', 'YYYY-MM-DD'), 'Research agreement', '981209123456');
INSERT INTO Contracts VALUES (11, 'Nova Springs', 'Bayer', TO_DATE('2025-09-01', 'YYYY-MM-DD'), TO_DATE('2025-12-31', 'YYYY-MM-DD'), 'Supply agreement', '771204321098');
INSERT INTO Contracts VALUES (12, 'Nova Village', 'Takeda', TO_DATE('2025-10-01', 'YYYY-MM-DD'), TO_DATE('2025-12-31', 'YYYY-MM-DD'), 'Research agreement', '471203210987');
INSERT INTO Contracts VALUES (13, 'Nova Plaza', 'Biogen', TO_DATE('2025-11-01', 'YYYY-MM-DD'), TO_DATE('2025-12-31', 'YYYY-MM-DD'), 'Supply agreement', '371202109876');
INSERT INTO Contracts VALUES (14, 'Nova Park', 'Eli Lilly', TO_DATE('2025-12-01', 'YYYY-MM-DD'), TO_DATE('2025-12-31', 'YYYY-MM-DD'), 'Research agreement', '171206543210');
INSERT INTO Contracts VALUES (15, 'Nova Horizon', 'Bristol Myers Squibb', TO_DATE('2025-01-01', 'YYYY-MM-DD'), TO_DATE('2025-06-30', 'YYYY-MM-DD'), 'Supply agreement', '971208654321');
INSERT INTO Contracts VALUES (16, 'Nova Clinic', 'Novo Nordisk', TO_DATE('2025-02-01', 'YYYY-MM-DD'), TO_DATE('2025-06-30', 'YYYY-MM-DD'), 'Supply agreement', '671207543219');
INSERT INTO Contracts VALUES (17, 'Nova Health', 'Teva', TO_DATE('2025-03-01', 'YYYY-MM-DD'), TO_DATE('2025-06-30', 'YYYY-MM-DD'), 'Supply agreement', '271204432109');
INSERT INTO Contracts VALUES (18, 'Nova Pharmacy Plus', 'Gilead Sciences', TO_DATE('2025-04-01', 'YYYY-MM-DD'), TO_DATE('2025-06-30', 'YYYY-MM-DD'), 'Research agreement', '871206321098');
INSERT INTO Contracts VALUES (19, 'Nova Rx', 'Astellas', TO_DATE('2025-05-01', 'YYYY-MM-DD'), TO_DATE('2025-06-30', 'YYYY-MM-DD'), 'Supply agreement', '071203123456');
INSERT INTO Contracts VALUES (20, 'Nova Med', 'Sun Pharma', TO_DATE('2025-06-01', 'YYYY-MM-DD'), TO_DATE('2025-06-30', 'YYYY-MM-DD'), 'Research agreement', '571205678901');
INSERT INTO Contracts VALUES (21, 'Nova Corner', 'Dr. Reddy''s', TO_DATE('2025-07-01', 'YYYY-MM-DD'), TO_DATE('2025-12-31', 'YYYY-MM-DD'), 'Supply agreement', '971208987654');
INSERT INTO Contracts VALUES (22, 'Nova Wellness', 'Lupin', TO_DATE('2025-08-01', 'YYYY-MM-DD'), TO_DATE('2025-12-31', 'YYYY-MM-DD'), 'Research agreement', '371202987654');
INSERT INTO Contracts VALUES (23, 'Nova Homecare', 'Cipla', TO_DATE('2025-09-01', 'YYYY-MM-DD'), TO_DATE('2025-12-31', 'YYYY-MM-DD'), 'Supply agreement', '471205432198');
INSERT INTO Contracts VALUES (24, 'Nova Life', 'Torrent Pharma', TO_DATE('2025-10-01', 'YYYY-MM-DD'), TO_DATE('2025-12-31', 'YYYY-MM-DD'), 'Research agreement', '271204543210');
INSERT INTO Contracts VALUES (25, 'Nova Prime', 'Zydus Cadila', TO_DATE('2025-11-01', 'YYYY-MM-DD'), TO_DATE('2025-12-31', 'YYYY-MM-DD'), 'Supply agreement', '671207210987');

-- Insert Dummy Data into Prescriptions (25 records)
INSERT INTO Prescriptions VALUES (1, '660266895316', '781201345678', TO_DATE('2025-04-01', 'YYYY-MM-DD'));
INSERT INTO Prescriptions VALUES (2, '240698396107', '481209876543', TO_DATE('2025-04-02', 'YYYY-MM-DD'));
INSERT INTO Prescriptions VALUES (3, '594314760334', '391205678912', TO_DATE('2025-04-03', 'YYYY-MM-DD'));
INSERT INTO Prescriptions VALUES (4, '973811723376', '891207654321', TO_DATE('2025-04-04', 'YYYY-MM-DD'));
INSERT INTO Prescriptions VALUES (5, '845433700033', '291203456789', TO_DATE('2025-04-05', 'YYYY-MM-DD'));
INSERT INTO Prescriptions VALUES (6, '208931837054', '691204567890', TO_DATE('2025-04-06', 'YYYY-MM-DD'));
INSERT INTO Prescriptions VALUES (7, '790636679831', '381202345678', TO_DATE('2025-04-07', 'YYYY-MM-DD'));
INSERT INTO Prescriptions VALUES (8, '888282662978', '181206789012', TO_DATE('2025-04-08', 'YYYY-MM-DD'));
INSERT INTO Prescriptions VALUES (9, '382342623102', '581208765432', TO_DATE('2025-04-09', 'YYYY-MM-DD'));
INSERT INTO Prescriptions VALUES (10, '275672636384', '981209123456', TO_DATE('2025-04-10', 'YYYY-MM-DD'));
INSERT INTO Prescriptions VALUES (11, '225036123231', '771204321098', TO_DATE('2025-04-11', 'YYYY-MM-DD'));
INSERT INTO Prescriptions VALUES (12, '818383124446', '471203210987', TO_DATE('2025-04-12', 'YYYY-MM-DD'));
INSERT INTO Prescriptions VALUES (13, '112832508831', '371202109876', TO_DATE('2025-04-13', 'YYYY-MM-DD'));
INSERT INTO Prescriptions VALUES (14, '472688844703', '171206543210', TO_DATE('2025-04-14', 'YYYY-MM-DD'));
INSERT INTO Prescriptions VALUES (15, '397366134241', '971208654321', TO_DATE('2025-04-15', 'YYYY-MM-DD'));
INSERT INTO Prescriptions VALUES (16, '472024315457', '671207543219', TO_DATE('2025-04-16', 'YYYY-MM-DD'));
INSERT INTO Prescriptions VALUES (17, '105146058343', '271204432109', TO_DATE('2025-04-17', 'YYYY-MM-DD'));
INSERT INTO Prescriptions VALUES (18, '173546730218', '871206321098', TO_DATE('2025-04-18', 'YYYY-MM-DD'));
INSERT INTO Prescriptions VALUES (19, '947167594349', '071203123456', TO_DATE('2025-04-19', 'YYYY-MM-DD'));
INSERT INTO Prescriptions VALUES (20, '542520199168', '571205678901', TO_DATE('2025-04-20', 'YYYY-MM-DD'));
INSERT INTO Prescriptions VALUES (21, '252339847481', '971208987654', TO_DATE('2025-04-21', 'YYYY-MM-DD'));
INSERT INTO Prescriptions VALUES (22, '972984725051', '371202987654', TO_DATE('2025-04-22', 'YYYY-MM-DD'));
INSERT INTO Prescriptions VALUES (23, '122671711512', '471205432198', TO_DATE('2025-04-23', 'YYYY-MM-DD'));
INSERT INTO Prescriptions VALUES (24, '290938154803', '271204543210', TO_DATE('2025-04-24', 'YYYY-MM-DD'));
INSERT INTO Prescriptions VALUES (25, '658421047413', '671207210987', TO_DATE('2025-04-25', 'YYYY-MM-DD'));

-- Insert Dummy Data into PrescriptionDrugs (25 records)
INSERT INTO PrescriptionDrugs VALUES (1, 'Pfizer', 'Lipitor', 30);
INSERT INTO PrescriptionDrugs VALUES (1, 'Pfizer', 'Viagra', 10);
INSERT INTO PrescriptionDrugs VALUES (2, 'Pfizer', 'Zoloft', 20);
INSERT INTO PrescriptionDrugs VALUES (3, 'Pfizer', 'Norvasc', 25);
INSERT INTO PrescriptionDrugs VALUES (4, 'Pfizer', 'Celebrex', 15);
INSERT INTO PrescriptionDrugs VALUES (5, 'Pfizer', 'Xanax', 30);
INSERT INTO PrescriptionDrugs VALUES (6, 'Pfizer', 'Lyrica', 20);
INSERT INTO PrescriptionDrugs VALUES (7, 'Pfizer', 'Advair', 10);
INSERT INTO PrescriptionDrugs VALUES (8, 'Pfizer', 'Prozac', 25);
INSERT INTO PrescriptionDrugs VALUES (9, 'Pfizer', 'Cialis', 15);
INSERT INTO PrescriptionDrugs VALUES (10, 'Pfizer', 'Cardexin', 30);
INSERT INTO PrescriptionDrugs VALUES (11, 'Pfizer', 'Alerdex', 20);
INSERT INTO PrescriptionDrugs VALUES (12, 'Pfizer', 'Restovil', 25);
INSERT INTO PrescriptionDrugs VALUES (13, 'Pfizer', 'Thyromed', 15);
INSERT INTO PrescriptionDrugs VALUES (14, 'Pfizer', 'InsuFast', 30);
INSERT INTO PrescriptionDrugs VALUES (15, 'Pfizer', 'Coughnil', 20);
INSERT INTO PrescriptionDrugs VALUES (16, 'Pfizer', 'Gastroquil', 25);
INSERT INTO PrescriptionDrugs VALUES (17, 'Pfizer', 'Neuroplus', 15);
INSERT INTO PrescriptionDrugs VALUES (18, 'Pfizer', 'Zentac', 30);
INSERT INTO PrescriptionDrugs VALUES (19, 'Pfizer', 'Flexocort', 20);
INSERT INTO PrescriptionDrugs VALUES (20, 'Pfizer', 'Moodex', 25);
INSERT INTO PrescriptionDrugs VALUES (21, 'Pfizer', 'Zitocare', 15);
INSERT INTO PrescriptionDrugs VALUES (22, 'Pfizer', 'Neurocalm', 30);
INSERT INTO PrescriptionDrugs VALUES (23, 'Pfizer', 'Tensivol', 20);
INSERT INTO PrescriptionDrugs VALUES (24, 'Pfizer', 'Antifex', 25);

COMMIT;